{
  "mse": 0.00217626883396257,
  "mae": 0.03325767911681234,
  "rmae": 0.04605182125477511,
  "mape": 0.25766740960201145
}