{
  "CPU": {
    "mse": 0.0012881105201733602,
    "mae": 0.025378605542421245,
    "rmae": 0.035796548141925434,
    "mape": 0.2283674571149057
  },
  "memory": {
    "mse": 0.0021439954670066518,
    "mae": 0.03128448145745174,
    "rmae": 0.046169801642619336,
    "mape": 0.23313850853527066
  },
  "storage": {
    "mse": 0.0020754499053945307,
    "mae": 0.03414677545270465,
    "rmae": 0.04542893066597694,
    "mape": 0.27366727329988416
  },
  "GPU": {
    "mse": 0.0024561126975497453,
    "mae": 0.03898221342816331,
    "rmae": 0.04952956558502455,
    "mape": 0.21705316486788995
  },
  "DPDK": {
    "mse": 0.0025864011747057766,
    "mae": 0.035715360642041116,
    "rmae": 0.05062344966907154,
    "mape": 0.23091757551553263
  }
}