{
  "CPU": {
    "mse": 0.0004107103136742184,
    "mae": 0.016353556627834148,
    "rmae": 0.02025249363925928,
    "mape": 0.17479863684865202
  },
  "memory": {
    "mse": 0.0004609875552321287,
    "mae": 0.017119165074030912,
    "rmae": 0.021470608691673013,
    "mape": 0.127693833868292
  },
  "storage": {
    "mse": 0.00040155040555827753,
    "mae": 0.016387495617485915,
    "rmae": 0.020028626205612056,
    "mape": 0.1309386240530103
  },
  "GPU": {
    "mse": 0.0023147320111732424,
    "mae": 0.037075537875901045,
    "rmae": 0.04792191881175518,
    "mape": 0.15052787720284244
  },
  "DPDK": {
    "mse": 0.0007314525064437437,
    "mae": 0.021919085096960788,
    "rmae": 0.027041435035642377,
    "mape": 0.13674575365639188
  }
}