{
  "mse": 0.0008018916872663259,
  "mae": 0.020995397913794806,
  "rmae": 0.026368679905608376,
  "mape": 0.14666009582012457
}