{
  "mse": 0.00696269901894642,
  "mae": 0.06513389627261211,
  "rmse": 0.0823818122151958,
  "mape": 0.8488716475914344
}