{
  "CPU": {
    "mse": 0.004171111008896389,
    "mae": 0.05246264472928481,
    "rmse": 0.06457742972646946,
    "mape": 0.7280135344615711
  },
  "memory": {
    "mse": 0.001131561655955268,
    "mae": 0.026404165854292245,
    "rmse": 0.03352177764644589,
    "mape": 0.3174135121515023
  },
  "storage": {
    "mse": 0.0038927774361865726,
    "mae": 0.04797343213822849,
    "rmse": 0.062344977844908944,
    "mape": 0.3981768357194382
  },
  "GPU": {
    "mse": 0.04384854963232259,
    "mae": 0.17719202088236322,
    "rmse": 0.20772468531704794,
    "mape": 0.9302376231070347
  },
  "DPDK": {
    "mse": 0.004519939761744563,
    "mae": 0.048575881558710204,
    "rmse": 0.0667936674056672,
    "mape": 0.30124507203595075
  }
}