{
  "CPU": {
    "mse": 0.0011694076250342229,
    "mae": 0.023897772988659517,
    "rmae": 0.03403061896081407,
    "mape": 0.3384774509518586
  },
  "memory": {
    "mse": 0.0021891326133889415,
    "mae": 0.032571458708252836,
    "rmae": 0.04670868561318856,
    "mape": 0.28602489092463323
  },
  "storage": {
    "mse": 0.001694603948950383,
    "mae": 0.02941058189278876,
    "rmae": 0.04090329075254021,
    "mape": 0.3342676374380256
  },
  "GPU": {
    "mse": 0.00363105561683849,
    "mae": 0.04714026531738017,
    "rmae": 0.060158298786299004,
    "mape": 0.25892115962118
  },
  "DPDK": {
    "mse": 0.0021418223448364717,
    "mae": 0.032138634479130214,
    "rmae": 0.04609794407302901,
    "mape": 0.2191973776874662
  }
}