{
  "mse": 0.002162486789987694,
  "mae": 0.03143857088331509,
  "rmae": 0.04610127542151035,
  "mape": 0.24949654190541165
}